,MONTH,DAY_OF_MONTH,DAY_OF_WEEK,OP_UNIQUE_CARRIER,CRS_DEP_TIME,DEP_TIME,TAXI_OUT,TAXI_IN,CRS_ELAPSED_TIME,ACTUAL_ELAPSED_TIME,DEP_DELAY
0,9.0,28.0,3.0,0,1055.0,1047.0,9.0,7.0,79.0,68.0,-8.0
1,4.0,14.0,4.0,1,705.0,700.0,13.0,7.0,65.0,62.0,-5.0
2,6.0,6.0,1.0,2,1931.0,1927.0,17.0,5.0,59.0,57.0,-4.0
4,5.0,6.0,5.0,1,730.0,724.0,11.0,11.0,175.0,177.0,-6.0
5,2.0,12.0,5.0,3,605.0,600.0,18.0,5.0,154.0,152.0,-5.0
7,9.0,2.0,5.0,2,1526.0,1522.0,16.0,6.0,74.0,65.0,-4.0
8,2.0,8.0,1.0,4,645.0,651.0,16.0,11.0,172.0,136.0,6.0
10,2.0,16.0,2.0,6,1246.0,1237.0,14.0,12.0,122.0,114.0,-9.0
11,1.0,3.0,7.0,2,1130.0,1134.0,17.0,9.0,195.0,176.0,4.0
12,4.0,11.0,1.0,2,1956.0,1951.0,14.0,3.0,138.0,126.0,-5.0
13,9.0,4.0,7.0,1,1535.0,1531.0,10.0,6.0,130.0,118.0,-4.0
14,6.0,1.0,3.0,1,1905.0,1913.0,7.0,3.0,145.0,140.0,8.0
16,4.0,1.0,5.0,2,840.0,900.0,13.0,6.0,70.0,56.0,20.0
18,4.0,13.0,3.0,0,2030.0,2019.0,25.0,5.0,112.0,102.0,-11.0
19,1.0,23.0,6.0,7,1200.0,1206.0,10.0,11.0,270.0,259.0,6.0
20,7.0,27.0,3.0,6,1050.0,1049.0,17.0,8.0,95.0,86.0,-1.0
21,3.0,2.0,3.0,0,645.0,637.0,18.0,12.0,73.0,89.0,-8.0
22,10.0,7.0,5.0,2,1510.0,1510.0,14.0,14.0,184.0,184.0,0.0
23,8.0,11.0,4.0,6,720.0,713.0,26.0,5.0,82.0,88.0,-7.0
24,9.0,13.0,2.0,1,1340.0,1336.0,8.0,5.0,80.0,79.0,-4.0
25,1.0,27.0,3.0,2,1420.0,1412.0,29.0,5.0,215.0,208.0,-8.0
26,12.0,16.0,5.0,2,1725.0,1720.0,16.0,12.0,97.0,78.0,-5.0
28,4.0,9.0,6.0,1,835.0,834.0,8.0,5.0,70.0,64.0,-1.0
29,7.0,16.0,6.0,7,1025.0,1021.0,11.0,3.0,117.0,111.0,-4.0
30,1.0,14.0,4.0,1,715.0,709.0,10.0,4.0,80.0,76.0,-6.0
31,3.0,13.0,7.0,7,1455.0,1501.0,10.0,5.0,258.0,251.0,6.0
32,3.0,17.0,4.0,2,2100.0,2057.0,12.0,11.0,95.0,82.0,-3.0
33,2.0,29.0,1.0,5,1722.0,1718.0,10.0,7.0,107.0,102.0,-4.0
34,1.0,16.0,6.0,1,1825.0,1840.0,13.0,5.0,155.0,129.0,15.0
35,5.0,4.0,3.0,2,620.0,615.0,15.0,8.0,103.0,102.0,-5.0
37,9.0,11.0,7.0,6,720.0,709.0,13.0,6.0,95.0,78.0,-11.0
38,5.0,13.0,5.0,1,1740.0,1752.0,9.0,3.0,65.0,59.0,12.0
39,10.0,12.0,3.0,7,2235.0,2256.0,30.0,4.0,291.0,271.0,21.0
40,3.0,15.0,2.0,0,2138.0,2128.0,9.0,10.0,81.0,72.0,-10.0
41,4.0,7.0,4.0,2,1940.0,1949.0,14.0,6.0,158.0,145.0,9.0
42,6.0,23.0,4.0,7,855.0,849.0,24.0,6.0,162.0,157.0,-6.0
43,4.0,3.0,7.0,7,710.0,706.0,18.0,9.0,165.0,173.0,-4.0
44,4.0,13.0,3.0,2,1725.0,1720.0,14.0,4.0,122.0,110.0,-5.0
45,2.0,28.0,7.0,2,1636.0,1630.0,12.0,10.0,120.0,101.0,-6.0
46,6.0,24.0,5.0,0,810.0,807.0,16.0,4.0,109.0,107.0,-3.0
47,3.0,21.0,1.0,8,1330.0,1332.0,20.0,10.0,137.0,140.0,2.0
48,7.0,14.0,4.0,8,806.0,801.0,20.0,8.0,62.0,69.0,-5.0
49,10.0,15.0,6.0,1,1445.0,1444.0,8.0,10.0,110.0,96.0,-1.0
50,10.0,22.0,6.0,2,1635.0,1631.0,16.0,8.0,100.0,91.0,-4.0
51,9.0,19.0,1.0,7,900.0,855.0,23.0,10.0,98.0,118.0,-5.0
52,1.0,12.0,2.0,6,1935.0,1933.0,18.0,2.0,68.0,54.0,-2.0
53,1.0,2.0,6.0,0,1805.0,1800.0,22.0,5.0,87.0,99.0,-5.0
54,11.0,7.0,1.0,1,945.0,952.0,9.0,3.0,245.0,245.0,7.0
56,6.0,17.0,5.0,4,2045.0,2045.0,12.0,10.0,275.0,268.0,0.0
58,6.0,5.0,7.0,8,1002.0,1001.0,31.0,4.0,78.0,83.0,-1.0
59,10.0,29.0,6.0,2,1051.0,1047.0,20.0,4.0,74.0,73.0,-4.0
62,10.0,26.0,3.0,1,1130.0,1126.0,16.0,7.0,255.0,239.0,-4.0
63,3.0,9.0,3.0,8,1950.0,1958.0,11.0,3.0,53.0,51.0,8.0
64,11.0,3.0,4.0,1,1755.0,1808.0,11.0,6.0,180.0,169.0,13.0
65,2.0,20.0,6.0,4,1210.0,1204.0,10.0,7.0,190.0,176.0,-6.0
66,8.0,28.0,7.0,1,740.0,735.0,8.0,4.0,95.0,81.0,-5.0
67,3.0,27.0,7.0,6,611.0,610.0,16.0,9.0,236.0,221.0,-1.0
69,9.0,19.0,1.0,1,2210.0,2217.0,7.0,4.0,70.0,54.0,7.0
70,10.0,12.0,3.0,1,925.0,924.0,11.0,6.0,235.0,241.0,-1.0
71,9.0,20.0,2.0,1,1845.0,1842.0,8.0,6.0,60.0,60.0,-3.0
72,4.0,5.0,2.0,3,1250.0,1249.0,17.0,4.0,165.0,174.0,-1.0
74,12.0,20.0,2.0,2,1305.0,1312.0,9.0,6.0,95.0,88.0,7.0
75,8.0,6.0,6.0,0,2131.0,2129.0,11.0,3.0,115.0,94.0,-2.0
76,6.0,23.0,4.0,10,659.0,657.0,15.0,14.0,39.0,50.0,-2.0
78,12.0,20.0,2.0,6,1048.0,1108.0,31.0,16.0,277.0,279.0,20.0
79,8.0,22.0,1.0,0,1054.0,1048.0,17.0,6.0,64.0,54.0,-6.0
81,4.0,10.0,7.0,8,1600.0,1555.0,14.0,8.0,94.0,90.0,-5.0
82,12.0,15.0,4.0,7,725.0,721.0,20.0,10.0,200.0,200.0,-4.0
83,4.0,18.0,1.0,3,1026.0,1018.0,9.0,9.0,77.0,70.0,-8.0
85,2.0,23.0,2.0,3,800.0,755.0,21.0,6.0,106.0,105.0,-5.0
87,5.0,26.0,4.0,8,1017.0,1022.0,17.0,6.0,113.0,109.0,5.0
88,10.0,20.0,4.0,1,1210.0,1205.0,10.0,6.0,155.0,139.0,-5.0
90,7.0,3.0,7.0,2,1806.0,1802.0,25.0,5.0,98.0,88.0,-4.0
91,10.0,30.0,7.0,1,955.0,956.0,8.0,11.0,130.0,118.0,1.0
92,3.0,24.0,4.0,2,1745.0,1745.0,12.0,5.0,70.0,57.0,0.0
93,5.0,16.0,1.0,7,2215.0,2213.0,15.0,3.0,189.0,187.0,-2.0
96,9.0,19.0,1.0,8,1510.0,1503.0,18.0,2.0,120.0,115.0,-7.0
97,11.0,27.0,7.0,1,905.0,911.0,9.0,4.0,125.0,128.0,6.0
98,3.0,29.0,2.0,1,805.0,758.0,17.0,3.0,95.0,95.0,-7.0
99,12.0,29.0,4.0,1,1830.0,1836.0,11.0,10.0,260.0,257.0,6.0
100,12.0,21.0,3.0,7,1055.0,1052.0,20.0,12.0,131.0,131.0,-3.0
101,4.0,19.0,2.0,1,1335.0,1342.0,6.0,5.0,60.0,55.0,7.0
103,4.0,18.0,1.0,1,2100.0,2101.0,9.0,4.0,70.0,63.0,1.0
104,2.0,22.0,1.0,0,600.0,553.0,18.0,6.0,104.0,97.0,-7.0
105,5.0,30.0,1.0,8,1530.0,1524.0,10.0,5.0,115.0,99.0,-6.0
106,4.0,24.0,7.0,2,1720.0,1717.0,9.0,3.0,107.0,86.0,-3.0
107,1.0,22.0,5.0,7,1000.0,955.0,21.0,6.0,81.0,71.0,-5.0
108,9.0,9.0,5.0,8,1830.0,1822.0,14.0,3.0,106.0,102.0,-8.0
109,8.0,9.0,2.0,1,1455.0,1501.0,13.0,5.0,65.0,62.0,6.0
110,9.0,25.0,7.0,2,1512.0,1509.0,9.0,5.0,57.0,40.0,-3.0
111,5.0,29.0,7.0,1,700.0,655.0,10.0,9.0,240.0,231.0,-5.0
112,3.0,11.0,5.0,1,2055.0,2104.0,14.0,11.0,90.0,94.0,9.0
113,8.0,31.0,3.0,2,520.0,518.0,15.0,7.0,145.0,137.0,-2.0
114,2.0,24.0,3.0,4,1925.0,1923.0,20.0,6.0,260.0,247.0,-2.0
115,12.0,21.0,3.0,2,1300.0,1259.0,23.0,4.0,194.0,179.0,-1.0
117,11.0,5.0,6.0,8,850.0,844.0,26.0,6.0,143.0,127.0,-6.0
118,6.0,18.0,6.0,8,810.0,804.0,11.0,9.0,119.0,106.0,-6.0
121,9.0,17.0,6.0,1,2010.0,2014.0,10.0,5.0,110.0,97.0,4.0
122,8.0,31.0,3.0,1,2050.0,2113.0,13.0,4.0,75.0,75.0,23.0
123,2.0,22.0,1.0,0,1345.0,1335.0,22.0,6.0,85.0,82.0,-10.0
125,2.0,17.0,3.0,3,1355.0,1347.0,14.0,3.0,126.0,115.0,-8.0
127,10.0,5.0,3.0,2,1340.0,1339.0,15.0,4.0,65.0,56.0,-1.0
128,7.0,10.0,7.0,0,831.0,828.0,14.0,6.0,107.0,90.0,-3.0
129,6.0,18.0,6.0,8,1244.0,1241.0,10.0,7.0,56.0,52.0,-3.0
130,1.0,27.0,3.0,1,2005.0,2000.0,8.0,6.0,80.0,75.0,-5.0
131,1.0,29.0,5.0,1,555.0,556.0,14.0,5.0,170.0,160.0,1.0
133,12.0,10.0,6.0,11,1717.0,1711.0,8.0,5.0,50.0,46.0,-6.0
135,7.0,8.0,5.0,5,1712.0,1705.0,10.0,12.0,202.0,194.0,-7.0
137,6.0,2.0,4.0,1,1130.0,1126.0,14.0,6.0,75.0,76.0,-4.0
139,2.0,26.0,5.0,6,1300.0,1255.0,19.0,13.0,149.0,150.0,-5.0
140,6.0,26.0,7.0,1,1920.0,1920.0,13.0,7.0,90.0,92.0,0.0
141,3.0,10.0,4.0,2,1400.0,1355.0,12.0,3.0,208.0,184.0,-5.0
142,8.0,12.0,5.0,4,1015.0,1025.0,29.0,5.0,227.0,241.0,10.0
143,4.0,10.0,7.0,1,1415.0,1421.0,10.0,4.0,130.0,120.0,6.0
144,7.0,17.0,7.0,8,1055.0,1052.0,31.0,4.0,109.0,117.0,-3.0
146,5.0,9.0,1.0,1,810.0,806.0,7.0,5.0,60.0,55.0,-4.0
147,1.0,30.0,6.0,7,700.0,654.0,12.0,6.0,157.0,127.0,-6.0
148,5.0,8.0,7.0,2,900.0,856.0,15.0,6.0,124.0,113.0,-4.0
149,8.0,16.0,2.0,3,2359.0,10.0,17.0,5.0,277.0,271.0,11.0
151,3.0,29.0,2.0,7,1435.0,1424.0,17.0,10.0,152.0,131.0,-11.0
152,11.0,14.0,1.0,1,2200.0,2205.0,15.0,3.0,50.0,54.0,5.0
155,11.0,13.0,7.0,8,1520.0,1515.0,25.0,2.0,61.0,56.0,-5.0
156,2.0,19.0,5.0,10,1133.0,1130.0,5.0,7.0,38.0,35.0,-3.0
157,10.0,20.0,4.0,2,1954.0,1952.0,16.0,4.0,62.0,54.0,-2.0
158,3.0,6.0,7.0,6,1453.0,1446.0,23.0,5.0,115.0,104.0,-7.0
160,9.0,26.0,1.0,2,1650.0,1648.0,11.0,4.0,81.0,71.0,-2.0
161,1.0,28.0,4.0,2,1443.0,1442.0,12.0,5.0,127.0,98.0,-1.0
162,6.0,1.0,3.0,11,1745.0,1737.0,15.0,15.0,60.0,73.0,-8.0
163,3.0,28.0,1.0,2,830.0,824.0,11.0,4.0,215.0,195.0,-6.0
164,2.0,16.0,2.0,1,830.0,828.0,8.0,7.0,175.0,172.0,-2.0
165,1.0,8.0,5.0,0,1526.0,1523.0,18.0,2.0,163.0,162.0,-3.0
166,10.0,26.0,3.0,3,1758.0,1752.0,16.0,4.0,105.0,83.0,-6.0
167,2.0,29.0,1.0,11,940.0,925.0,12.0,8.0,148.0,147.0,-15.0
168,7.0,16.0,6.0,6,1353.0,1408.0,20.0,5.0,141.0,123.0,15.0
169,2.0,3.0,3.0,7,740.0,733.0,19.0,6.0,69.0,64.0,-7.0
170,4.0,12.0,2.0,1,600.0,558.0,10.0,6.0,175.0,163.0,-2.0
171,10.0,3.0,1.0,3,2030.0,2028.0,13.0,5.0,160.0,144.0,-2.0
172,7.0,22.0,5.0,11,830.0,816.0,9.0,4.0,65.0,69.0,-14.0
173,11.0,12.0,6.0,8,1615.0,1605.0,9.0,5.0,79.0,75.0,-10.0
174,10.0,21.0,5.0,2,910.0,905.0,16.0,5.0,74.0,67.0,-5.0
177,2.0,14.0,7.0,8,1116.0,1113.0,25.0,3.0,128.0,145.0,-3.0
179,8.0,31.0,3.0,6,1555.0,1559.0,17.0,15.0,187.0,183.0,4.0
180,8.0,19.0,5.0,1,1055.0,1058.0,6.0,5.0,125.0,110.0,3.0
181,8.0,16.0,2.0,0,600.0,554.0,19.0,10.0,120.0,115.0,-6.0
183,8.0,20.0,6.0,8,1800.0,1814.0,12.0,8.0,61.0,45.0,14.0
184,1.0,4.0,1.0,0,604.0,601.0,18.0,13.0,106.0,101.0,-3.0
185,4.0,11.0,1.0,8,945.0,940.0,14.0,3.0,105.0,99.0,-5.0
186,5.0,5.0,4.0,0,720.0,710.0,15.0,16.0,105.0,116.0,-10.0
187,10.0,3.0,1.0,1,1950.0,1944.0,24.0,8.0,90.0,90.0,-6.0
188,4.0,1.0,5.0,8,600.0,551.0,13.0,3.0,96.0,91.0,-9.0
189,5.0,14.0,6.0,7,1450.0,1513.0,11.0,2.0,165.0,158.0,23.0
190,7.0,28.0,4.0,1,2130.0,2149.0,11.0,13.0,65.0,65.0,19.0
191,1.0,7.0,4.0,1,945.0,949.0,10.0,4.0,95.0,90.0,4.0
192,8.0,24.0,3.0,7,706.0,702.0,16.0,9.0,118.0,117.0,-4.0
193,4.0,19.0,2.0,1,2000.0,2000.0,14.0,3.0,65.0,65.0,0.0
194,10.0,24.0,1.0,0,1620.0,1619.0,11.0,6.0,92.0,83.0,-1.0
195,5.0,26.0,4.0,1,640.0,637.0,9.0,4.0,120.0,105.0,-3.0
196,6.0,7.0,2.0,0,811.0,809.0,13.0,5.0,112.0,111.0,-2.0
197,7.0,25.0,1.0,1,1255.0,1309.0,9.0,10.0,80.0,74.0,14.0
198,6.0,12.0,7.0,3,1400.0,1356.0,12.0,4.0,193.0,186.0,-4.0
199,6.0,6.0,1.0,8,1407.0,1358.0,31.0,4.0,108.0,103.0,-9.0
200,10.0,5.0,3.0,1,1435.0,1434.0,6.0,5.0,155.0,141.0,-1.0
201,3.0,18.0,5.0,8,1904.0,1858.0,18.0,7.0,91.0,86.0,-6.0
202,2.0,6.0,6.0,7,2129.0,2128.0,15.0,5.0,190.0,189.0,-1.0
204,1.0,7.0,4.0,2,1726.0,1722.0,10.0,5.0,109.0,95.0,-4.0
205,6.0,25.0,6.0,1,1930.0,1932.0,9.0,6.0,135.0,139.0,2.0
206,5.0,13.0,5.0,7,1107.0,1107.0,15.0,9.0,153.0,141.0,0.0
207,6.0,5.0,7.0,1,735.0,732.0,8.0,7.0,150.0,135.0,-3.0
208,11.0,9.0,3.0,6,1512.0,1509.0,12.0,5.0,180.0,146.0,-3.0
210,10.0,4.0,2.0,7,2030.0,2025.0,12.0,11.0,138.0,128.0,-5.0
211,5.0,7.0,6.0,5,1854.0,1850.0,9.0,11.0,166.0,142.0,-4.0
212,4.0,23.0,6.0,2,1000.0,954.0,15.0,8.0,113.0,96.0,-6.0
213,4.0,2.0,6.0,1,1725.0,1741.0,15.0,10.0,175.0,174.0,16.0
214,9.0,25.0,7.0,9,1200.0,1156.0,12.0,5.0,110.0,94.0,-4.0
217,5.0,23.0,1.0,0,1250.0,1240.0,15.0,10.0,66.0,65.0,-10.0
219,8.0,27.0,6.0,3,1038.0,1036.0,22.0,10.0,161.0,157.0,-2.0
220,10.0,11.0,2.0,0,1430.0,1431.0,24.0,4.0,140.0,139.0,1.0
221,11.0,20.0,7.0,4,1600.0,1613.0,10.0,6.0,96.0,83.0,13.0
223,2.0,25.0,4.0,7,1020.0,1014.0,18.0,7.0,143.0,141.0,-6.0
224,10.0,31.0,1.0,7,2205.0,2205.0,15.0,8.0,171.0,165.0,0.0
225,7.0,6.0,3.0,8,600.0,552.0,16.0,14.0,122.0,135.0,-8.0
227,8.0,3.0,3.0,0,1015.0,1013.0,11.0,3.0,125.0,114.0,-2.0
228,2.0,9.0,2.0,7,1900.0,1859.0,18.0,12.0,141.0,119.0,-1.0
229,12.0,13.0,2.0,3,1120.0,1113.0,17.0,9.0,153.0,160.0,-7.0
230,12.0,25.0,7.0,1,2150.0,2153.0,9.0,4.0,100.0,89.0,3.0
231,11.0,14.0,1.0,6,1736.0,1756.0,15.0,7.0,208.0,185.0,20.0
232,2.0,7.0,7.0,2,900.0,909.0,29.0,4.0,116.0,118.0,9.0
233,6.0,6.0,1.0,3,700.0,650.0,11.0,4.0,167.0,159.0,-10.0
234,9.0,2.0,5.0,2,850.0,855.0,13.0,9.0,103.0,95.0,5.0
237,5.0,18.0,3.0,11,1520.0,1522.0,17.0,10.0,139.0,150.0,2.0
238,11.0,5.0,6.0,6,1732.0,1715.0,23.0,8.0,122.0,120.0,-17.0
239,5.0,20.0,5.0,11,700.0,649.0,12.0,7.0,165.0,151.0,-11.0
240,12.0,1.0,4.0,1,750.0,746.0,11.0,4.0,95.0,88.0,-4.0
241,11.0,5.0,6.0,0,1953.0,1944.0,12.0,2.0,66.0,59.0,-9.0
242,12.0,14.0,3.0,2,1206.0,1205.0,16.0,5.0,83.0,79.0,-1.0
243,12.0,14.0,3.0,7,610.0,602.0,15.0,14.0,232.0,226.0,-8.0
244,10.0,22.0,6.0,10,2014.0,2008.0,7.0,8.0,51.0,49.0,-6.0
245,12.0,5.0,1.0,8,740.0,739.0,13.0,5.0,69.0,59.0,-1.0
246,12.0,5.0,1.0,8,609.0,600.0,27.0,8.0,111.0,103.0,-9.0
247,3.0,30.0,3.0,1,1420.0,1414.0,7.0,7.0,85.0,79.0,-6.0
248,10.0,11.0,2.0,7,1005.0,1004.0,12.0,11.0,150.0,146.0,-1.0
249,11.0,7.0,1.0,2,1826.0,1821.0,12.0,5.0,174.0,170.0,-5.0
250,12.0,27.0,2.0,7,2014.0,2007.0,17.0,4.0,193.0,178.0,-7.0
251,12.0,30.0,5.0,11,1115.0,1135.0,3.0,4.0,21.0,23.0,20.0
252,11.0,15.0,2.0,7,933.0,941.0,19.0,4.0,176.0,160.0,8.0
254,2.0,27.0,6.0,8,1212.0,1236.0,26.0,3.0,168.0,157.0,24.0
255,1.0,26.0,2.0,10,2040.0,2036.0,8.0,6.0,39.0,35.0,-4.0
256,12.0,26.0,1.0,8,1120.0,1117.0,23.0,6.0,123.0,114.0,-3.0
257,9.0,23.0,5.0,1,1015.0,1012.0,6.0,4.0,95.0,85.0,-3.0
258,11.0,10.0,4.0,2,1626.0,1624.0,16.0,8.0,136.0,117.0,-2.0
259,2.0,29.0,1.0,7,750.0,745.0,28.0,16.0,176.0,186.0,-5.0
260,12.0,20.0,2.0,2,725.0,736.0,13.0,6.0,149.0,132.0,11.0
264,8.0,28.0,7.0,7,625.0,615.0,12.0,9.0,197.0,193.0,-10.0
265,2.0,20.0,6.0,1,1435.0,1430.0,12.0,8.0,245.0,216.0,-5.0
266,11.0,7.0,1.0,2,1555.0,1550.0,15.0,10.0,92.0,103.0,-5.0
267,9.0,8.0,4.0,2,1638.0,1637.0,15.0,4.0,195.0,190.0,-1.0
268,11.0,26.0,6.0,1,1100.0,1057.0,11.0,7.0,145.0,133.0,-3.0
269,3.0,19.0,6.0,7,1650.0,1705.0,28.0,12.0,204.0,207.0,15.0
270,8.0,19.0,5.0,1,2150.0,2148.0,13.0,8.0,65.0,71.0,-2.0
271,7.0,22.0,5.0,2,700.0,655.0,17.0,7.0,124.0,119.0,-5.0
272,8.0,25.0,4.0,6,1420.0,1415.0,19.0,13.0,149.0,140.0,-5.0
273,3.0,22.0,2.0,6,2210.0,2208.0,19.0,5.0,135.0,128.0,-2.0
274,10.0,7.0,5.0,1,1655.0,1650.0,16.0,5.0,95.0,91.0,-5.0
275,8.0,29.0,1.0,5,737.0,755.0,16.0,5.0,93.0,78.0,18.0
276,5.0,18.0,3.0,0,2001.0,2008.0,14.0,3.0,131.0,114.0,7.0
280,1.0,8.0,5.0,2,1130.0,1128.0,19.0,5.0,69.0,65.0,-2.0
281,1.0,17.0,7.0,1,1410.0,1413.0,12.0,3.0,80.0,73.0,3.0
282,7.0,19.0,2.0,1,950.0,948.0,9.0,10.0,140.0,145.0,-2.0
283,7.0,9.0,6.0,8,1602.0,1557.0,18.0,5.0,80.0,75.0,-5.0
284,11.0,17.0,4.0,1,2030.0,2038.0,14.0,6.0,70.0,68.0,8.0
285,8.0,15.0,1.0,1,1255.0,1256.0,10.0,9.0,105.0,102.0,1.0
286,3.0,15.0,2.0,1,2230.0,2225.0,9.0,6.0,135.0,131.0,-5.0
287,3.0,30.0,3.0,0,1138.0,1131.0,12.0,14.0,159.0,152.0,-7.0
288,11.0,17.0,4.0,8,815.0,803.0,22.0,10.0,156.0,149.0,-12.0
289,10.0,24.0,1.0,10,1545.0,1543.0,12.0,5.0,41.0,40.0,-2.0
290,8.0,26.0,5.0,1,1500.0,1500.0,7.0,6.0,190.0,188.0,0.0
291,3.0,20.0,7.0,0,1413.0,1411.0,8.0,8.0,115.0,95.0,-2.0
292,5.0,7.0,6.0,2,1038.0,1028.0,10.0,6.0,96.0,99.0,-10.0
293,4.0,30.0,6.0,0,1625.0,1622.0,14.0,5.0,121.0,117.0,-3.0
294,7.0,19.0,2.0,10,1114.0,1111.0,15.0,5.0,47.0,48.0,-3.0
295,1.0,12.0,2.0,3,1009.0,1023.0,13.0,5.0,165.0,156.0,14.0
296,5.0,13.0,5.0,11,1855.0,1916.0,7.0,4.0,208.0,183.0,21.0
297,1.0,19.0,2.0,6,2114.0,2116.0,24.0,4.0,225.0,219.0,2.0
298,7.0,12.0,2.0,1,1120.0,1115.0,6.0,6.0,75.0,65.0,-5.0
299,11.0,11.0,5.0,8,601.0,551.0,17.0,3.0,54.0,55.0,-10.0
301,4.0,23.0,6.0,1,1705.0,1728.0,13.0,4.0,110.0,109.0,23.0
302,3.0,28.0,1.0,2,1545.0,1548.0,18.0,5.0,120.0,105.0,3.0
303,1.0,17.0,7.0,7,1500.0,1455.0,15.0,12.0,186.0,187.0,-5.0
305,1.0,27.0,3.0,7,1530.0,1524.0,11.0,9.0,93.0,88.0,-6.0
306,10.0,7.0,5.0,0,945.0,935.0,10.0,8.0,87.0,72.0,-10.0
307,4.0,1.0,5.0,3,1306.0,1317.0,12.0,3.0,76.0,59.0,11.0
310,4.0,12.0,2.0,3,715.0,711.0,17.0,4.0,102.0,102.0,-4.0
311,5.0,26.0,4.0,3,1340.0,1336.0,12.0,3.0,88.0,84.0,-4.0
312,5.0,17.0,2.0,8,1720.0,1714.0,14.0,8.0,78.0,75.0,-6.0
313,5.0,24.0,2.0,1,1500.0,1511.0,8.0,3.0,250.0,233.0,11.0
314,5.0,18.0,3.0,1,1210.0,1231.0,14.0,6.0,190.0,190.0,21.0
315,5.0,15.0,7.0,10,1452.0,1455.0,17.0,11.0,43.0,50.0,3.0
317,12.0,12.0,1.0,1,1130.0,1134.0,12.0,4.0,200.0,169.0,4.0
318,7.0,6.0,3.0,9,1155.0,1145.0,13.0,5.0,180.0,169.0,-10.0
319,12.0,31.0,6.0,8,1340.0,1356.0,17.0,5.0,100.0,93.0,16.0
322,3.0,31.0,4.0,1,840.0,841.0,22.0,5.0,140.0,148.0,1.0
323,10.0,21.0,5.0,6,1120.0,1117.0,13.0,4.0,138.0,134.0,-3.0
324,1.0,19.0,2.0,8,1255.0,1244.0,9.0,16.0,57.0,54.0,-11.0
325,11.0,14.0,1.0,5,1835.0,1828.0,11.0,16.0,189.0,196.0,-7.0
327,5.0,12.0,4.0,1,1355.0,1415.0,9.0,8.0,105.0,99.0,20.0
328,5.0,21.0,6.0,7,1515.0,1511.0,21.0,10.0,225.0,211.0,-4.0
329,2.0,10.0,3.0,1,1915.0,1912.0,13.0,5.0,175.0,162.0,-3.0
330,11.0,16.0,3.0,1,905.0,859.0,7.0,3.0,160.0,127.0,-6.0
331,3.0,27.0,7.0,6,923.0,909.0,10.0,3.0,259.0,240.0,-14.0
332,8.0,23.0,2.0,1,735.0,735.0,17.0,5.0,115.0,105.0,0.0
333,12.0,3.0,6.0,1,1100.0,1118.0,13.0,5.0,155.0,152.0,18.0
334,9.0,10.0,6.0,1,1805.0,1809.0,12.0,7.0,80.0,81.0,4.0
335,12.0,29.0,4.0,0,1151.0,1145.0,14.0,6.0,156.0,145.0,-6.0
336,10.0,26.0,3.0,1,1605.0,1603.0,10.0,7.0,110.0,99.0,-2.0
337,11.0,11.0,5.0,6,1121.0,1109.0,10.0,14.0,101.0,85.0,-12.0
338,1.0,8.0,5.0,3,2359.0,2355.0,15.0,7.0,221.0,206.0,-4.0
339,10.0,27.0,4.0,2,925.0,939.0,20.0,5.0,202.0,190.0,14.0
340,3.0,23.0,3.0,7,605.0,559.0,15.0,5.0,171.0,163.0,-6.0
341,1.0,29.0,5.0,2,2114.0,2110.0,20.0,6.0,110.0,110.0,-4.0
342,2.0,3.0,3.0,6,812.0,804.0,31.0,16.0,100.0,101.0,-8.0
343,8.0,5.0,5.0,3,1024.0,1015.0,15.0,4.0,138.0,125.0,-9.0
345,12.0,26.0,1.0,1,1025.0,1026.0,11.0,4.0,80.0,70.0,1.0
346,1.0,1.0,5.0,3,1620.0,1612.0,14.0,11.0,189.0,194.0,-8.0
347,8.0,11.0,4.0,2,1100.0,1058.0,20.0,7.0,114.0,110.0,-2.0
349,10.0,12.0,3.0,1,1940.0,1937.0,15.0,7.0,160.0,157.0,-3.0
350,1.0,6.0,3.0,2,2155.0,2144.0,19.0,5.0,116.0,102.0,-11.0
351,8.0,10.0,3.0,0,1730.0,1742.0,15.0,6.0,87.0,83.0,12.0
352,7.0,24.0,7.0,8,1544.0,1540.0,14.0,7.0,102.0,94.0,-4.0
353,11.0,17.0,4.0,2,1100.0,1059.0,8.0,6.0,133.0,122.0,-1.0
354,9.0,9.0,5.0,1,1430.0,1430.0,14.0,3.0,70.0,61.0,0.0
356,6.0,4.0,6.0,5,935.0,933.0,14.0,11.0,166.0,174.0,-2.0
359,2.0,2.0,2.0,1,620.0,616.0,10.0,5.0,85.0,73.0,-4.0
360,5.0,6.0,5.0,6,808.0,811.0,15.0,10.0,237.0,225.0,3.0
362,2.0,29.0,1.0,1,645.0,644.0,18.0,6.0,245.0,230.0,-1.0
363,5.0,14.0,6.0,7,1220.0,1214.0,13.0,7.0,169.0,157.0,-6.0
364,6.0,23.0,4.0,0,1345.0,1352.0,26.0,4.0,143.0,142.0,7.0
365,8.0,12.0,5.0,6,755.0,750.0,15.0,8.0,172.0,165.0,-5.0
366,1.0,6.0,3.0,0,700.0,704.0,21.0,5.0,92.0,82.0,4.0
368,7.0,4.0,1.0,3,1600.0,1547.0,13.0,4.0,81.0,75.0,-13.0
369,3.0,1.0,2.0,2,1035.0,1029.0,14.0,7.0,284.0,272.0,-6.0
370,5.0,2.0,1.0,1,1510.0,1523.0,13.0,5.0,125.0,111.0,13.0
373,8.0,22.0,1.0,1,1300.0,1324.0,12.0,4.0,85.0,95.0,24.0
374,9.0,28.0,3.0,6,650.0,644.0,15.0,8.0,273.0,257.0,-6.0
376,5.0,9.0,1.0,3,1539.0,1552.0,18.0,3.0,196.0,172.0,13.0
377,11.0,11.0,5.0,1,1845.0,1857.0,9.0,7.0,145.0,139.0,12.0
379,9.0,29.0,4.0,2,2027.0,2024.0,18.0,4.0,91.0,86.0,-3.0
381,8.0,26.0,5.0,2,1800.0,1805.0,27.0,6.0,207.0,186.0,5.0
382,9.0,12.0,1.0,1,1915.0,1911.0,7.0,4.0,65.0,60.0,-4.0
383,7.0,16.0,6.0,1,550.0,554.0,12.0,5.0,220.0,221.0,4.0
384,4.0,11.0,1.0,8,700.0,657.0,19.0,7.0,194.0,181.0,-3.0
385,10.0,21.0,5.0,8,1505.0,1457.0,19.0,3.0,63.0,51.0,-8.0
386,8.0,1.0,1.0,1,1320.0,1317.0,16.0,5.0,80.0,85.0,-3.0
388,2.0,8.0,1.0,2,800.0,754.0,9.0,6.0,126.0,98.0,-6.0
389,2.0,29.0,1.0,7,950.0,944.0,14.0,4.0,141.0,132.0,-6.0
390,5.0,17.0,2.0,0,2135.0,2150.0,11.0,7.0,154.0,139.0,15.0
392,3.0,10.0,4.0,8,1615.0,1611.0,30.0,3.0,51.0,58.0,-4.0
393,12.0,22.0,4.0,6,950.0,951.0,13.0,6.0,208.0,192.0,1.0
394,4.0,13.0,3.0,1,830.0,829.0,11.0,6.0,60.0,59.0,-1.0
395,6.0,9.0,4.0,0,1455.0,1446.0,14.0,16.0,101.0,102.0,-9.0
398,6.0,20.0,1.0,6,2241.0,2303.0,24.0,8.0,96.0,94.0,22.0
400,1.0,15.0,5.0,10,1244.0,1251.0,7.0,11.0,38.0,43.0,7.0
401,12.0,24.0,6.0,1,815.0,812.0,10.0,5.0,140.0,127.0,-3.0
402,5.0,5.0,4.0,8,1523.0,1515.0,14.0,5.0,52.0,53.0,-8.0
404,3.0,16.0,3.0,2,1510.0,1512.0,11.0,3.0,98.0,86.0,2.0
405,1.0,11.0,1.0,8,1310.0,1309.0,16.0,4.0,51.0,45.0,-1.0
406,11.0,6.0,7.0,1,1000.0,1001.0,11.0,5.0,85.0,73.0,1.0
408,5.0,27.0,5.0,1,1110.0,1116.0,20.0,7.0,120.0,130.0,6.0
409,7.0,1.0,5.0,7,759.0,751.0,23.0,8.0,209.0,216.0,-8.0
411,2.0,3.0,3.0,1,645.0,654.0,13.0,6.0,245.0,214.0,9.0
413,7.0,24.0,7.0,2,620.0,619.0,25.0,4.0,133.0,115.0,-1.0
414,10.0,1.0,6.0,1,600.0,556.0,8.0,5.0,160.0,144.0,-4.0
417,7.0,21.0,4.0,3,1020.0,1010.0,24.0,7.0,159.0,168.0,-10.0
423,3.0,1.0,2.0,7,1510.0,1519.0,15.0,13.0,164.0,163.0,9.0
424,4.0,9.0,6.0,7,1250.0,1245.0,17.0,9.0,123.0,127.0,-5.0
427,6.0,29.0,3.0,2,2320.0,2322.0,21.0,6.0,82.0,79.0,2.0
429,10.0,7.0,5.0,1,1200.0,1200.0,10.0,6.0,120.0,111.0,0.0
430,2.0,8.0,1.0,1,2100.0,2059.0,23.0,7.0,100.0,95.0,-1.0
432,6.0,19.0,7.0,0,1345.0,1335.0,16.0,2.0,80.0,60.0,-10.0
433,7.0,3.0,7.0,5,2210.0,2200.0,12.0,7.0,201.0,185.0,-10.0
434,2.0,27.0,6.0,1,2115.0,2119.0,8.0,7.0,70.0,57.0,4.0
435,12.0,22.0,4.0,7,730.0,740.0,18.0,12.0,174.0,163.0,10.0
436,7.0,27.0,3.0,11,735.0,729.0,22.0,9.0,115.0,133.0,-6.0
437,10.0,4.0,2.0,7,723.0,720.0,14.0,13.0,212.0,214.0,-3.0
438,4.0,24.0,7.0,2,1453.0,1451.0,15.0,3.0,127.0,123.0,-2.0
439,4.0,11.0,1.0,1,645.0,640.0,8.0,4.0,195.0,165.0,-5.0
440,2.0,1.0,1.0,1,1810.0,1804.0,15.0,9.0,90.0,81.0,-6.0
441,6.0,11.0,6.0,3,1225.0,1221.0,8.0,4.0,170.0,155.0,-4.0
442,5.0,23.0,1.0,0,615.0,611.0,17.0,7.0,155.0,136.0,-4.0
443,11.0,20.0,7.0,1,640.0,637.0,7.0,3.0,90.0,83.0,-3.0
444,9.0,24.0,6.0,1,1915.0,1912.0,7.0,8.0,80.0,80.0,-3.0
445,7.0,26.0,2.0,7,2000.0,2000.0,21.0,3.0,114.0,114.0,0.0
446,9.0,7.0,3.0,8,1820.0,1816.0,19.0,11.0,100.0,89.0,-4.0
447,7.0,6.0,3.0,3,1020.0,1013.0,17.0,7.0,239.0,230.0,-7.0
448,5.0,18.0,3.0,8,1607.0,1602.0,25.0,10.0,94.0,107.0,-5.0
449,5.0,11.0,3.0,1,1535.0,1542.0,10.0,5.0,195.0,181.0,7.0
450,7.0,1.0,5.0,0,600.0,550.0,21.0,13.0,129.0,145.0,-10.0
451,1.0,5.0,2.0,7,1759.0,1754.0,21.0,5.0,164.0,152.0,-5.0
456,10.0,27.0,4.0,1,630.0,627.0,17.0,6.0,75.0,74.0,-3.0
459,5.0,12.0,4.0,5,1314.0,1317.0,12.0,9.0,141.0,134.0,3.0
460,3.0,9.0,3.0,8,1620.0,1602.0,14.0,8.0,96.0,91.0,-18.0
462,11.0,11.0,5.0,1,1940.0,1939.0,17.0,2.0,85.0,85.0,-1.0
463,10.0,5.0,3.0,6,1735.0,1729.0,17.0,6.0,172.0,156.0,-6.0
464,3.0,19.0,6.0,7,659.0,652.0,21.0,4.0,151.0,148.0,-7.0
465,1.0,6.0,3.0,7,2025.0,2023.0,16.0,4.0,103.0,91.0,-2.0
466,11.0,2.0,3.0,2,1615.0,1608.0,8.0,9.0,112.0,99.0,-7.0
468,2.0,16.0,2.0,1,645.0,645.0,16.0,5.0,90.0,72.0,0.0
469,3.0,5.0,6.0,8,740.0,730.0,26.0,16.0,120.0,141.0,-10.0
470,4.0,16.0,6.0,7,1605.0,1616.0,14.0,5.0,57.0,55.0,11.0
471,3.0,4.0,5.0,8,1117.0,1115.0,12.0,4.0,152.0,150.0,-2.0
472,11.0,15.0,2.0,0,1800.0,1750.0,18.0,14.0,114.0,119.0,-10.0
473,9.0,26.0,1.0,1,1805.0,1816.0,10.0,4.0,220.0,201.0,11.0
474,7.0,22.0,5.0,6,540.0,535.0,11.0,5.0,108.0,106.0,-5.0
475,11.0,16.0,3.0,7,1405.0,1403.0,18.0,13.0,132.0,135.0,-2.0
476,1.0,16.0,6.0,7,1425.0,1444.0,14.0,7.0,185.0,165.0,19.0
477,8.0,23.0,2.0,10,1338.0,1331.0,18.0,6.0,42.0,47.0,-7.0
478,2.0,8.0,1.0,6,741.0,740.0,8.0,12.0,104.0,73.0,-1.0
479,10.0,25.0,2.0,2,1745.0,1738.0,19.0,14.0,90.0,87.0,-7.0
481,7.0,24.0,7.0,6,755.0,749.0,21.0,8.0,118.0,115.0,-6.0
482,3.0,31.0,4.0,3,930.0,920.0,16.0,4.0,215.0,195.0,-10.0
483,6.0,16.0,4.0,7,2255.0,2302.0,10.0,4.0,64.0,61.0,7.0
484,3.0,14.0,1.0,0,1250.0,1251.0,16.0,7.0,101.0,96.0,1.0
485,12.0,23.0,5.0,2,1500.0,1454.0,14.0,5.0,120.0,101.0,-6.0
486,11.0,5.0,6.0,2,955.0,953.0,8.0,13.0,121.0,119.0,-2.0
487,5.0,31.0,2.0,2,1735.0,1733.0,17.0,6.0,225.0,208.0,-2.0
488,6.0,17.0,5.0,2,1400.0,1359.0,15.0,3.0,185.0,163.0,-1.0
489,4.0,10.0,7.0,6,1522.0,1517.0,15.0,10.0,282.0,287.0,-5.0
490,12.0,26.0,1.0,1,2150.0,2150.0,7.0,4.0,75.0,70.0,0.0
491,1.0,25.0,1.0,2,2330.0,2333.0,24.0,7.0,270.0,263.0,3.0
492,2.0,15.0,1.0,11,1955.0,2015.0,13.0,5.0,141.0,136.0,20.0
493,2.0,13.0,6.0,7,705.0,701.0,19.0,7.0,154.0,155.0,-4.0
494,7.0,20.0,3.0,0,1105.0,1114.0,15.0,4.0,80.0,66.0,9.0
495,2.0,26.0,5.0,0,1055.0,1051.0,11.0,8.0,93.0,85.0,-4.0
496,3.0,3.0,4.0,8,936.0,927.0,14.0,8.0,56.0,52.0,-9.0
498,7.0,29.0,5.0,8,600.0,557.0,22.0,3.0,91.0,87.0,-3.0
499,9.0,5.0,1.0,8,808.0,757.0,25.0,7.0,80.0,92.0,-11.0
500,5.0,6.0,5.0,10,1939.0,1941.0,9.0,4.0,53.0,48.0,2.0
502,8.0,14.0,7.0,7,1805.0,1800.0,18.0,12.0,242.0,250.0,-5.0
503,11.0,11.0,5.0,1,1130.0,1130.0,8.0,6.0,150.0,134.0,0.0
504,2.0,3.0,3.0,0,1745.0,1745.0,14.0,5.0,87.0,67.0,0.0
505,12.0,20.0,2.0,6,1126.0,1139.0,10.0,8.0,119.0,107.0,13.0
507,8.0,30.0,2.0,8,950.0,1000.0,23.0,7.0,120.0,122.0,10.0
508,3.0,31.0,4.0,1,955.0,1007.0,19.0,5.0,170.0,182.0,12.0
509,11.0,25.0,5.0,4,2315.0,2314.0,16.0,8.0,234.0,220.0,-1.0
510,5.0,26.0,4.0,6,600.0,558.0,15.0,7.0,162.0,161.0,-2.0
512,9.0,21.0,3.0,11,1845.0,1841.0,16.0,4.0,116.0,119.0,-4.0
513,12.0,20.0,2.0,1,1335.0,1339.0,8.0,8.0,105.0,101.0,4.0
514,8.0,7.0,7.0,1,1115.0,1115.0,10.0,6.0,75.0,72.0,0.0
515,11.0,17.0,4.0,1,1445.0,1447.0,9.0,5.0,75.0,68.0,2.0
516,12.0,17.0,6.0,6,955.0,1014.0,31.0,2.0,191.0,179.0,19.0
517,5.0,9.0,1.0,2,740.0,742.0,12.0,11.0,116.0,107.0,2.0
518,12.0,30.0,5.0,8,1520.0,1509.0,19.0,3.0,123.0,128.0,-11.0
519,11.0,13.0,7.0,6,1755.0,1759.0,20.0,10.0,213.0,199.0,4.0
520,10.0,10.0,1.0,6,1740.0,1741.0,18.0,5.0,227.0,218.0,1.0
523,3.0,7.0,1.0,9,1705.0,1703.0,9.0,7.0,235.0,211.0,-2.0
525,8.0,4.0,4.0,7,1130.0,1124.0,17.0,5.0,163.0,161.0,-6.0
526,6.0,1.0,3.0,1,1530.0,1554.0,8.0,5.0,210.0,219.0,24.0
528,10.0,23.0,7.0,2,850.0,849.0,10.0,4.0,114.0,109.0,-1.0
529,11.0,15.0,2.0,2,705.0,658.0,25.0,6.0,173.0,174.0,-7.0
530,8.0,8.0,1.0,6,825.0,824.0,21.0,7.0,245.0,233.0,-1.0
531,4.0,6.0,3.0,2,920.0,917.0,15.0,4.0,271.0,261.0,-3.0
532,5.0,15.0,7.0,2,934.0,931.0,28.0,5.0,272.0,253.0,-3.0
535,10.0,17.0,1.0,2,1606.0,1602.0,7.0,16.0,129.0,127.0,-4.0
536,5.0,9.0,1.0,3,629.0,620.0,10.0,7.0,92.0,91.0,-9.0
537,5.0,17.0,2.0,7,635.0,629.0,11.0,11.0,113.0,115.0,-6.0
538,12.0,23.0,5.0,1,905.0,903.0,23.0,4.0,95.0,91.0,-2.0
539,5.0,9.0,1.0,7,1434.0,1432.0,11.0,9.0,156.0,147.0,-2.0
540,11.0,9.0,3.0,0,653.0,703.0,10.0,5.0,122.0,91.0,10.0
541,1.0,24.0,7.0,11,1415.0,1410.0,11.0,4.0,167.0,166.0,-5.0
543,4.0,21.0,4.0,3,1513.0,1509.0,9.0,4.0,179.0,159.0,-4.0
544,7.0,8.0,5.0,1,800.0,758.0,11.0,4.0,55.0,48.0,-2.0
545,1.0,29.0,5.0,11,1315.0,1318.0,26.0,3.0,70.0,85.0,3.0
548,12.0,2.0,5.0,1,1400.0,1406.0,6.0,6.0,110.0,99.0,6.0
549,2.0,20.0,6.0,0,715.0,720.0,11.0,6.0,165.0,153.0,5.0
551,4.0,6.0,3.0,0,527.0,518.0,17.0,14.0,52.0,59.0,-9.0
555,6.0,7.0,2.0,3,915.0,905.0,18.0,8.0,271.0,263.0,-10.0
556,1.0,12.0,2.0,4,705.0,704.0,13.0,14.0,165.0,151.0,-1.0
557,12.0,9.0,5.0,1,1905.0,1901.0,8.0,7.0,115.0,102.0,-4.0
559,3.0,2.0,3.0,11,1425.0,1414.0,13.0,5.0,165.0,145.0,-11.0
561,5.0,25.0,3.0,6,1850.0,1853.0,12.0,5.0,157.0,138.0,3.0
562,7.0,30.0,6.0,7,925.0,919.0,13.0,7.0,153.0,148.0,-6.0
565,6.0,10.0,5.0,8,725.0,727.0,9.0,7.0,91.0,84.0,2.0
566,3.0,16.0,3.0,2,1751.0,1801.0,24.0,3.0,241.0,230.0,10.0
568,2.0,26.0,5.0,1,1630.0,1635.0,13.0,7.0,75.0,70.0,5.0
569,10.0,28.0,5.0,1,705.0,710.0,9.0,5.0,200.0,196.0,5.0
570,5.0,7.0,6.0,6,630.0,627.0,12.0,6.0,75.0,56.0,-3.0
571,2.0,4.0,4.0,1,2115.0,2111.0,19.0,8.0,85.0,79.0,-4.0
575,4.0,4.0,1.0,1,2030.0,2040.0,12.0,3.0,140.0,139.0,10.0
576,7.0,20.0,3.0,6,555.0,548.0,17.0,7.0,124.0,114.0,-7.0
577,8.0,28.0,7.0,0,605.0,555.0,12.0,9.0,120.0,110.0,-10.0
578,4.0,25.0,1.0,1,830.0,825.0,12.0,13.0,60.0,69.0,-5.0
580,8.0,28.0,7.0,2,1145.0,1142.0,10.0,7.0,195.0,196.0,-3.0
581,5.0,11.0,3.0,1,955.0,952.0,7.0,3.0,90.0,83.0,-3.0
582,11.0,9.0,3.0,8,655.0,646.0,11.0,8.0,110.0,119.0,-9.0
583,10.0,30.0,7.0,1,950.0,950.0,8.0,4.0,130.0,115.0,0.0
584,11.0,24.0,4.0,1,705.0,702.0,14.0,6.0,270.0,250.0,-3.0
585,4.0,21.0,4.0,1,1345.0,1345.0,13.0,4.0,80.0,79.0,0.0
587,3.0,23.0,3.0,1,1205.0,1202.0,9.0,4.0,85.0,75.0,-3.0
589,7.0,22.0,5.0,2,2005.0,2000.0,15.0,4.0,81.0,74.0,-5.0
590,10.0,24.0,1.0,1,1805.0,1829.0,7.0,6.0,80.0,84.0,24.0
591,4.0,10.0,7.0,11,2100.0,2056.0,8.0,9.0,124.0,119.0,-4.0
592,8.0,31.0,3.0,6,715.0,709.0,16.0,3.0,92.0,79.0,-6.0
594,7.0,22.0,5.0,6,1.0,2.0,13.0,5.0,248.0,241.0,1.0
595,1.0,18.0,1.0,6,800.0,758.0,21.0,4.0,164.0,141.0,-2.0
596,2.0,1.0,1.0,8,710.0,704.0,24.0,13.0,206.0,222.0,-6.0
597,9.0,21.0,3.0,7,1959.0,1957.0,18.0,4.0,267.0,248.0,-2.0
599,10.0,28.0,5.0,6,1935.0,1936.0,17.0,6.0,130.0,122.0,1.0
600,5.0,22.0,7.0,7,1005.0,957.0,15.0,4.0,239.0,229.0,-8.0
603,7.0,4.0,1.0,1,945.0,937.0,12.0,10.0,150.0,146.0,-8.0
604,5.0,16.0,1.0,2,1615.0,1621.0,8.0,14.0,130.0,114.0,6.0
605,5.0,20.0,5.0,1,700.0,659.0,16.0,6.0,170.0,169.0,-1.0
606,3.0,23.0,3.0,6,1447.0,1441.0,23.0,2.0,209.0,202.0,-6.0
608,1.0,24.0,7.0,11,1550.0,1540.0,9.0,7.0,123.0,119.0,-10.0
609,4.0,7.0,4.0,7,905.0,900.0,17.0,10.0,130.0,132.0,-5.0
610,7.0,6.0,3.0,7,1020.0,1026.0,13.0,12.0,102.0,97.0,6.0
611,6.0,6.0,1.0,7,1431.0,1433.0,24.0,7.0,162.0,165.0,2.0
613,12.0,12.0,1.0,4,1150.0,1148.0,14.0,4.0,118.0,109.0,-2.0
614,4.0,29.0,5.0,6,1351.0,1343.0,22.0,7.0,169.0,161.0,-8.0
615,10.0,18.0,2.0,1,605.0,600.0,13.0,6.0,115.0,106.0,-5.0
616,2.0,18.0,4.0,8,1629.0,1639.0,18.0,6.0,56.0,50.0,10.0
621,8.0,9.0,2.0,7,1130.0,1127.0,21.0,11.0,134.0,134.0,-3.0
623,8.0,17.0,3.0,7,1830.0,1846.0,14.0,8.0,164.0,154.0,16.0
624,10.0,23.0,7.0,0,1525.0,1520.0,28.0,4.0,68.0,75.0,-5.0
625,3.0,23.0,3.0,6,906.0,925.0,12.0,7.0,209.0,195.0,19.0
626,3.0,23.0,3.0,2,736.0,733.0,11.0,3.0,158.0,143.0,-3.0
627,7.0,11.0,1.0,0,1110.0,1101.0,14.0,6.0,112.0,102.0,-9.0
628,5.0,8.0,7.0,7,1251.0,1250.0,16.0,6.0,138.0,141.0,-1.0
629,7.0,10.0,7.0,0,710.0,715.0,13.0,5.0,95.0,88.0,5.0
630,7.0,5.0,2.0,7,1140.0,1133.0,9.0,13.0,109.0,100.0,-7.0
631,9.0,15.0,4.0,7,1755.0,1814.0,20.0,12.0,200.0,194.0,19.0
632,12.0,30.0,5.0,7,1200.0,1210.0,15.0,10.0,158.0,145.0,10.0
635,7.0,25.0,1.0,8,852.0,841.0,22.0,6.0,97.0,91.0,-11.0
636,3.0,7.0,1.0,3,1057.0,1111.0,20.0,5.0,150.0,151.0,14.0
640,3.0,28.0,1.0,8,1625.0,1614.0,12.0,10.0,59.0,44.0,-11.0
641,7.0,15.0,5.0,7,910.0,910.0,25.0,9.0,79.0,77.0,0.0
642,9.0,11.0,7.0,2,1920.0,1923.0,11.0,5.0,102.0,80.0,3.0
643,3.0,9.0,3.0,2,1920.0,1916.0,11.0,13.0,121.0,107.0,-4.0
645,12.0,23.0,5.0,2,1930.0,1954.0,19.0,5.0,191.0,170.0,24.0
646,6.0,26.0,7.0,7,1643.0,1658.0,15.0,3.0,102.0,98.0,15.0
647,12.0,19.0,1.0,6,1240.0,1240.0,13.0,4.0,144.0,128.0,0.0
650,1.0,24.0,7.0,1,1940.0,1936.0,9.0,3.0,100.0,96.0,-4.0
651,9.0,19.0,1.0,9,1005.0,1017.0,12.0,6.0,75.0,79.0,12.0
653,5.0,9.0,1.0,7,640.0,636.0,28.0,7.0,201.0,212.0,-4.0
654,9.0,27.0,2.0,1,1515.0,1522.0,20.0,7.0,135.0,135.0,7.0
656,3.0,6.0,7.0,2,1935.0,1930.0,16.0,9.0,92.0,67.0,-5.0
657,4.0,12.0,2.0,1,1125.0,1125.0,16.0,5.0,155.0,147.0,0.0
659,6.0,22.0,3.0,7,1100.0,1054.0,17.0,4.0,80.0,66.0,-6.0
660,10.0,30.0,7.0,8,840.0,845.0,15.0,4.0,74.0,69.0,5.0
662,5.0,3.0,2.0,5,739.0,729.0,13.0,9.0,200.0,185.0,-10.0
664,1.0,30.0,6.0,1,1245.0,1244.0,11.0,5.0,155.0,140.0,-1.0
665,9.0,14.0,3.0,3,611.0,605.0,12.0,8.0,158.0,147.0,-6.0
666,5.0,31.0,2.0,8,1730.0,1728.0,21.0,13.0,130.0,127.0,-2.0
667,4.0,7.0,4.0,11,1750.0,1745.0,10.0,6.0,120.0,107.0,-5.0
668,10.0,1.0,6.0,2,730.0,723.0,14.0,4.0,262.0,255.0,-7.0
669,5.0,17.0,2.0,0,1240.0,1256.0,19.0,6.0,60.0,55.0,16.0
670,3.0,12.0,6.0,1,835.0,830.0,11.0,5.0,75.0,75.0,-5.0
673,5.0,16.0,1.0,2,934.0,932.0,12.0,5.0,272.0,237.0,-2.0
674,6.0,1.0,3.0,8,1100.0,1055.0,19.0,6.0,62.0,68.0,-5.0
675,12.0,1.0,4.0,2,600.0,555.0,15.0,5.0,108.0,110.0,-5.0
676,12.0,8.0,4.0,6,1250.0,1248.0,12.0,6.0,125.0,110.0,-2.0
677,10.0,24.0,1.0,6,945.0,937.0,12.0,3.0,113.0,87.0,-8.0
679,12.0,9.0,5.0,11,1717.0,1712.0,4.0,6.0,50.0,40.0,-5.0
680,11.0,22.0,2.0,0,850.0,845.0,14.0,4.0,109.0,91.0,-5.0
681,6.0,15.0,3.0,2,2018.0,2022.0,22.0,4.0,194.0,185.0,4.0
682,6.0,22.0,3.0,8,1204.0,1159.0,21.0,13.0,96.0,87.0,-5.0
684,10.0,18.0,2.0,0,1425.0,1419.0,20.0,4.0,84.0,84.0,-6.0
685,4.0,4.0,1.0,6,2335.0,2334.0,16.0,10.0,230.0,222.0,-1.0
686,8.0,28.0,7.0,7,1511.0,1505.0,13.0,11.0,200.0,191.0,-6.0
689,2.0,21.0,7.0,1,1315.0,1312.0,10.0,4.0,95.0,81.0,-3.0
691,3.0,1.0,2.0,1,630.0,641.0,10.0,7.0,90.0,73.0,11.0
692,10.0,30.0,7.0,0,1355.0,1413.0,11.0,13.0,121.0,116.0,18.0
693,6.0,25.0,6.0,2,1515.0,1510.0,15.0,4.0,244.0,230.0,-5.0
695,2.0,18.0,4.0,0,1548.0,1534.0,14.0,11.0,109.0,99.0,-14.0
696,11.0,10.0,4.0,6,1610.0,1604.0,11.0,5.0,168.0,167.0,-6.0
699,9.0,5.0,1.0,1,1135.0,1130.0,12.0,6.0,195.0,180.0,-5.0
700,7.0,31.0,7.0,2,959.0,1004.0,12.0,6.0,111.0,96.0,5.0
701,3.0,9.0,3.0,2,1600.0,1559.0,18.0,9.0,85.0,83.0,-1.0
703,9.0,22.0,4.0,1,1825.0,1834.0,9.0,5.0,175.0,172.0,9.0
704,5.0,30.0,1.0,2,1315.0,1313.0,16.0,7.0,167.0,159.0,-2.0
705,8.0,15.0,1.0,7,847.0,844.0,12.0,5.0,133.0,125.0,-3.0
706,4.0,12.0,2.0,1,2140.0,2140.0,12.0,4.0,75.0,74.0,0.0
708,7.0,2.0,6.0,7,1113.0,1117.0,11.0,7.0,132.0,125.0,4.0
709,7.0,8.0,5.0,7,705.0,659.0,17.0,5.0,183.0,173.0,-6.0
710,6.0,6.0,1.0,2,540.0,539.0,10.0,3.0,64.0,48.0,-1.0
711,4.0,2.0,6.0,1,1100.0,1055.0,18.0,7.0,200.0,191.0,-5.0
712,10.0,13.0,4.0,3,1920.0,1938.0,11.0,5.0,100.0,89.0,18.0
714,4.0,18.0,1.0,7,745.0,744.0,16.0,13.0,145.0,148.0,-1.0
715,1.0,26.0,2.0,3,1855.0,1850.0,9.0,6.0,76.0,70.0,-5.0
716,10.0,24.0,1.0,8,615.0,614.0,26.0,4.0,100.0,105.0,-1.0
718,7.0,7.0,4.0,2,525.0,521.0,15.0,3.0,55.0,54.0,-4.0
719,1.0,21.0,4.0,3,1152.0,1157.0,15.0,4.0,77.0,62.0,5.0
720,8.0,8.0,1.0,1,625.0,627.0,9.0,5.0,105.0,99.0,2.0
721,8.0,5.0,5.0,11,610.0,602.0,17.0,5.0,140.0,143.0,-8.0
725,5.0,19.0,4.0,0,816.0,813.0,12.0,2.0,64.0,49.0,-3.0
726,9.0,23.0,5.0,3,1411.0,1424.0,13.0,4.0,136.0,118.0,13.0
727,1.0,18.0,1.0,1,815.0,813.0,7.0,5.0,90.0,69.0,-2.0
728,5.0,31.0,2.0,1,1320.0,1326.0,24.0,6.0,125.0,133.0,6.0
729,6.0,29.0,3.0,8,1320.0,1315.0,22.0,4.0,53.0,46.0,-5.0
730,6.0,12.0,7.0,8,1024.0,1018.0,18.0,12.0,60.0,67.0,-6.0
731,7.0,14.0,4.0,8,745.0,747.0,16.0,5.0,85.0,68.0,2.0
732,10.0,15.0,6.0,6,1750.0,1748.0,8.0,4.0,176.0,153.0,-2.0
735,10.0,22.0,6.0,2,750.0,747.0,13.0,7.0,144.0,127.0,-3.0
736,10.0,15.0,6.0,7,2005.0,2005.0,14.0,9.0,97.0,86.0,0.0
737,2.0,11.0,4.0,8,1631.0,1627.0,10.0,5.0,69.0,66.0,-4.0
738,4.0,25.0,1.0,7,1908.0,1904.0,9.0,8.0,134.0,115.0,-4.0
739,10.0,17.0,1.0,1,1350.0,1351.0,17.0,6.0,70.0,64.0,1.0
740,6.0,14.0,2.0,7,1130.0,1137.0,19.0,5.0,134.0,128.0,7.0
741,4.0,13.0,3.0,5,1915.0,1907.0,8.0,7.0,214.0,197.0,-8.0
742,2.0,20.0,6.0,2,600.0,602.0,21.0,5.0,90.0,86.0,2.0
743,12.0,22.0,4.0,6,1706.0,1704.0,10.0,7.0,251.0,242.0,-2.0
744,9.0,9.0,5.0,1,1105.0,1100.0,10.0,4.0,75.0,70.0,-5.0
746,10.0,2.0,7.0,4,1725.0,1722.0,12.0,10.0,103.0,108.0,-3.0
747,6.0,5.0,7.0,1,1815.0,1813.0,11.0,4.0,85.0,78.0,-2.0
748,10.0,16.0,7.0,1,1835.0,1836.0,11.0,6.0,85.0,77.0,1.0
749,6.0,13.0,1.0,0,1125.0,1138.0,17.0,4.0,176.0,164.0,13.0
750,7.0,29.0,5.0,7,1635.0,1647.0,11.0,6.0,70.0,60.0,12.0
752,2.0,7.0,7.0,6,1853.0,1854.0,10.0,7.0,177.0,162.0,1.0
753,1.0,13.0,3.0,1,630.0,627.0,21.0,7.0,160.0,176.0,-3.0
754,10.0,30.0,7.0,1,1320.0,1343.0,14.0,3.0,75.0,76.0,23.0
755,6.0,30.0,4.0,8,1345.0,1343.0,17.0,5.0,95.0,93.0,-2.0
756,10.0,14.0,5.0,8,1045.0,1039.0,27.0,5.0,110.0,111.0,-6.0
757,7.0,6.0,3.0,8,1855.0,1903.0,19.0,8.0,96.0,90.0,8.0
758,4.0,20.0,3.0,1,2035.0,2031.0,8.0,3.0,170.0,147.0,-4.0
761,11.0,22.0,2.0,11,2155.0,2149.0,19.0,5.0,82.0,84.0,-6.0
764,8.0,9.0,2.0,8,600.0,550.0,9.0,6.0,127.0,125.0,-10.0
766,12.0,6.0,2.0,1,2100.0,2051.0,7.0,8.0,105.0,92.0,-9.0
767,12.0,26.0,1.0,1,730.0,729.0,12.0,6.0,140.0,123.0,-1.0
768,7.0,2.0,6.0,2,1531.0,1528.0,15.0,5.0,294.0,279.0,-3.0
769,11.0,26.0,6.0,8,1605.0,1601.0,13.0,4.0,71.0,78.0,-4.0
773,7.0,8.0,5.0,0,525.0,520.0,9.0,10.0,59.0,53.0,-5.0
774,6.0,9.0,4.0,8,955.0,951.0,26.0,5.0,169.0,166.0,-4.0
775,8.0,8.0,1.0,1,1540.0,1540.0,9.0,4.0,85.0,74.0,0.0
776,12.0,24.0,6.0,8,957.0,950.0,21.0,4.0,87.0,92.0,-7.0
777,6.0,19.0,7.0,1,910.0,904.0,8.0,8.0,75.0,72.0,-6.0
778,9.0,5.0,1.0,0,2015.0,2005.0,10.0,7.0,131.0,120.0,-10.0
780,7.0,12.0,2.0,0,1955.0,1955.0,15.0,9.0,125.0,117.0,0.0
782,9.0,28.0,3.0,2,2106.0,2103.0,13.0,5.0,129.0,114.0,-3.0
785,7.0,19.0,2.0,6,710.0,709.0,14.0,5.0,188.0,174.0,-1.0
786,2.0,2.0,2.0,1,1405.0,1358.0,12.0,4.0,90.0,93.0,-7.0
787,8.0,5.0,5.0,8,605.0,557.0,14.0,12.0,140.0,135.0,-8.0
788,6.0,18.0,6.0,0,959.0,952.0,13.0,4.0,95.0,82.0,-7.0
789,3.0,20.0,7.0,7,1630.0,1628.0,14.0,12.0,64.0,61.0,-2.0
790,12.0,28.0,3.0,0,2220.0,2212.0,24.0,5.0,86.0,92.0,-8.0
791,3.0,7.0,1.0,7,2330.0,2330.0,17.0,4.0,290.0,292.0,0.0
792,4.0,24.0,7.0,0,625.0,623.0,11.0,6.0,145.0,127.0,-2.0
794,3.0,2.0,3.0,1,1450.0,1448.0,12.0,12.0,95.0,93.0,-2.0
795,6.0,27.0,1.0,7,605.0,602.0,12.0,4.0,175.0,170.0,-3.0
797,7.0,13.0,3.0,1,850.0,845.0,8.0,5.0,160.0,137.0,-5.0
799,5.0,11.0,3.0,2,1736.0,1734.0,14.0,4.0,74.0,63.0,-2.0
800,3.0,10.0,4.0,2,1115.0,1112.0,14.0,7.0,120.0,114.0,-3.0
801,11.0,4.0,5.0,8,636.0,617.0,9.0,5.0,77.0,56.0,-19.0
802,1.0,16.0,6.0,1,840.0,836.0,18.0,3.0,95.0,81.0,-4.0
803,7.0,15.0,5.0,1,1545.0,1604.0,8.0,4.0,100.0,89.0,19.0
804,4.0,1.0,5.0,7,1546.0,1543.0,15.0,3.0,87.0,76.0,-3.0
806,8.0,16.0,2.0,8,1920.0,1912.0,12.0,5.0,97.0,85.0,-8.0
807,4.0,11.0,1.0,6,1745.0,1741.0,17.0,12.0,80.0,81.0,-4.0
808,6.0,15.0,3.0,2,2005.0,2003.0,18.0,8.0,106.0,99.0,-2.0
809,7.0,28.0,4.0,1,1105.0,1110.0,8.0,6.0,160.0,157.0,5.0
810,2.0,14.0,7.0,1,1310.0,1303.0,13.0,5.0,210.0,203.0,-7.0
812,3.0,12.0,6.0,8,1232.0,1226.0,18.0,7.0,104.0,103.0,-6.0
813,6.0,11.0,6.0,8,1905.0,1926.0,18.0,3.0,88.0,85.0,21.0
815,5.0,28.0,6.0,2,1600.0,1550.0,8.0,3.0,86.0,72.0,-10.0
816,7.0,13.0,3.0,1,1050.0,1048.0,7.0,5.0,75.0,70.0,-2.0
819,2.0,15.0,1.0,7,1410.0,1408.0,14.0,3.0,114.0,96.0,-2.0
820,8.0,28.0,7.0,0,1300.0,1252.0,23.0,2.0,87.0,80.0,-8.0
821,5.0,19.0,4.0,8,1753.0,1815.0,19.0,5.0,91.0,105.0,22.0
823,4.0,28.0,4.0,1,2055.0,2056.0,9.0,6.0,80.0,80.0,1.0
825,3.0,7.0,1.0,7,1225.0,1223.0,15.0,6.0,157.0,158.0,-2.0
826,10.0,30.0,7.0,6,1445.0,1439.0,13.0,14.0,162.0,159.0,-6.0
828,4.0,17.0,7.0,1,1410.0,1409.0,11.0,7.0,240.0,224.0,-1.0
829,8.0,25.0,4.0,1,1550.0,1549.0,13.0,6.0,70.0,72.0,-1.0
830,9.0,14.0,3.0,3,1827.0,1831.0,10.0,6.0,80.0,71.0,4.0
832,4.0,8.0,5.0,7,1330.0,1350.0,13.0,9.0,139.0,126.0,20.0
833,8.0,29.0,1.0,10,1446.0,1444.0,11.0,5.0,49.0,42.0,-2.0
834,5.0,21.0,6.0,7,2035.0,2031.0,11.0,7.0,60.0,41.0,-4.0
835,3.0,26.0,6.0,8,1727.0,1722.0,17.0,4.0,89.0,82.0,-5.0
836,11.0,14.0,1.0,2,1550.0,1554.0,19.0,5.0,248.0,245.0,4.0
837,4.0,27.0,3.0,7,825.0,813.0,22.0,2.0,156.0,151.0,-12.0
838,10.0,15.0,6.0,7,738.0,735.0,11.0,10.0,157.0,135.0,-3.0
839,11.0,28.0,1.0,3,1939.0,1933.0,11.0,9.0,182.0,185.0,-6.0
840,8.0,17.0,3.0,6,1040.0,1039.0,13.0,2.0,110.0,92.0,-1.0
841,3.0,10.0,4.0,1,1940.0,1952.0,9.0,5.0,135.0,124.0,12.0
842,11.0,13.0,7.0,0,1535.0,1523.0,10.0,5.0,81.0,78.0,-12.0
845,10.0,18.0,2.0,2,1346.0,1342.0,18.0,9.0,123.0,119.0,-4.0
848,12.0,3.0,6.0,2,1241.0,1236.0,9.0,11.0,121.0,108.0,-5.0
849,2.0,22.0,1.0,2,1400.0,1355.0,15.0,10.0,96.0,84.0,-5.0
850,1.0,6.0,3.0,0,2117.0,2115.0,13.0,6.0,111.0,96.0,-2.0
851,5.0,11.0,3.0,2,1920.0,1940.0,28.0,4.0,117.0,115.0,20.0
854,2.0,19.0,5.0,1,1450.0,1509.0,11.0,4.0,85.0,84.0,19.0
855,5.0,19.0,4.0,1,1735.0,1741.0,15.0,6.0,90.0,96.0,6.0
856,3.0,4.0,5.0,0,1318.0,1313.0,15.0,8.0,87.0,92.0,-5.0
857,9.0,8.0,4.0,8,1105.0,1101.0,27.0,3.0,140.0,128.0,-4.0
859,12.0,31.0,6.0,6,910.0,906.0,12.0,9.0,144.0,127.0,-4.0
861,2.0,17.0,3.0,6,1936.0,1942.0,28.0,4.0,267.0,266.0,6.0
862,3.0,3.0,4.0,7,859.0,904.0,28.0,8.0,184.0,183.0,5.0
863,8.0,26.0,5.0,8,1610.0,1617.0,11.0,7.0,125.0,114.0,7.0
864,6.0,5.0,7.0,7,735.0,728.0,10.0,9.0,209.0,198.0,-7.0
865,6.0,28.0,2.0,2,1052.0,1103.0,15.0,5.0,127.0,114.0,11.0
866,3.0,9.0,3.0,0,605.0,600.0,17.0,9.0,120.0,111.0,-5.0
867,5.0,3.0,2.0,7,600.0,556.0,11.0,11.0,118.0,110.0,-4.0
869,1.0,24.0,7.0,2,1655.0,1708.0,13.0,4.0,129.0,113.0,13.0
870,9.0,10.0,6.0,7,710.0,710.0,20.0,11.0,144.0,160.0,0.0
871,4.0,27.0,3.0,7,1604.0,1605.0,15.0,7.0,80.0,63.0,1.0
872,1.0,15.0,5.0,2,2000.0,1955.0,19.0,7.0,72.0,58.0,-5.0
873,12.0,26.0,1.0,1,1805.0,1818.0,7.0,4.0,115.0,106.0,13.0
874,5.0,22.0,7.0,1,925.0,925.0,14.0,4.0,105.0,101.0,0.0
876,10.0,5.0,3.0,1,1430.0,1445.0,7.0,6.0,85.0,78.0,15.0
877,1.0,10.0,7.0,3,1652.0,1658.0,18.0,3.0,149.0,147.0,6.0
879,12.0,9.0,5.0,8,1345.0,1341.0,30.0,5.0,122.0,117.0,-4.0
880,12.0,20.0,2.0,0,1655.0,1703.0,14.0,7.0,159.0,139.0,8.0
881,4.0,24.0,7.0,5,2055.0,2056.0,11.0,6.0,95.0,77.0,1.0
883,3.0,30.0,3.0,1,1340.0,1336.0,10.0,5.0,110.0,99.0,-4.0
885,9.0,12.0,1.0,1,1020.0,1017.0,13.0,10.0,150.0,152.0,-3.0
886,11.0,3.0,4.0,7,825.0,824.0,22.0,6.0,123.0,126.0,-1.0
887,7.0,21.0,4.0,11,630.0,625.0,22.0,13.0,172.0,164.0,-5.0
888,8.0,5.0,5.0,1,1625.0,1633.0,9.0,11.0,60.0,61.0,8.0
892,6.0,28.0,2.0,8,1929.0,1919.0,28.0,3.0,77.0,72.0,-10.0
893,3.0,8.0,2.0,5,810.0,809.0,13.0,4.0,204.0,179.0,-1.0
894,7.0,10.0,7.0,3,1353.0,1357.0,13.0,5.0,107.0,84.0,4.0
895,4.0,14.0,4.0,8,650.0,642.0,8.0,3.0,70.0,29.0,-8.0
896,5.0,28.0,6.0,8,1337.0,1329.0,20.0,9.0,56.0,64.0,-8.0
897,11.0,22.0,2.0,6,1450.0,1448.0,22.0,6.0,290.0,295.0,-2.0
898,5.0,29.0,7.0,2,1940.0,1937.0,13.0,4.0,157.0,150.0,-3.0
899,1.0,5.0,2.0,10,1212.0,1211.0,15.0,5.0,47.0,49.0,-1.0
901,7.0,26.0,2.0,6,1440.0,1453.0,19.0,8.0,192.0,178.0,13.0
903,2.0,28.0,7.0,8,1418.0,1420.0,10.0,7.0,57.0,51.0,2.0
904,12.0,25.0,7.0,2,1951.0,1947.0,16.0,3.0,77.0,68.0,-4.0
905,6.0,9.0,4.0,2,1420.0,1418.0,10.0,6.0,113.0,93.0,-2.0
906,5.0,28.0,6.0,10,1108.0,1107.0,6.0,5.0,38.0,44.0,-1.0
907,7.0,28.0,4.0,5,2015.0,2015.0,15.0,7.0,100.0,95.0,0.0
908,3.0,31.0,4.0,1,1855.0,1854.0,7.0,10.0,155.0,156.0,-1.0
909,8.0,30.0,2.0,6,803.0,755.0,13.0,9.0,149.0,136.0,-8.0
910,10.0,18.0,2.0,11,645.0,645.0,11.0,6.0,145.0,136.0,0.0
911,3.0,20.0,7.0,0,1326.0,1316.0,8.0,8.0,79.0,69.0,-10.0
912,5.0,20.0,5.0,1,1320.0,1329.0,9.0,3.0,65.0,57.0,9.0
914,11.0,28.0,1.0,6,1010.0,1002.0,28.0,3.0,221.0,212.0,-8.0
915,7.0,3.0,7.0,6,37.0,36.0,14.0,7.0,226.0,211.0,-1.0
917,11.0,5.0,6.0,0,1442.0,1443.0,12.0,9.0,79.0,63.0,1.0
918,12.0,6.0,2.0,1,1510.0,1507.0,7.0,5.0,155.0,145.0,-3.0
919,11.0,17.0,4.0,2,1502.0,1503.0,16.0,9.0,78.0,69.0,1.0
920,1.0,22.0,5.0,1,915.0,915.0,7.0,8.0,70.0,64.0,0.0
924,1.0,31.0,7.0,1,2020.0,2016.0,12.0,7.0,110.0,109.0,-4.0
926,2.0,18.0,4.0,7,1340.0,1341.0,15.0,5.0,89.0,77.0,1.0
928,5.0,27.0,5.0,1,1000.0,955.0,14.0,6.0,285.0,268.0,-5.0
930,9.0,21.0,3.0,1,1910.0,1914.0,10.0,8.0,140.0,123.0,4.0
932,4.0,4.0,1.0,6,805.0,757.0,16.0,16.0,258.0,252.0,-8.0
933,10.0,7.0,5.0,0,710.0,702.0,21.0,4.0,113.0,111.0,-8.0
934,7.0,28.0,4.0,10,1802.0,1812.0,11.0,5.0,45.0,48.0,10.0
935,1.0,10.0,7.0,3,1114.0,1116.0,27.0,5.0,64.0,79.0,2.0
937,12.0,28.0,3.0,2,1504.0,1501.0,7.0,16.0,161.0,152.0,-3.0
938,8.0,17.0,3.0,2,1235.0,1229.0,20.0,5.0,168.0,154.0,-6.0
943,3.0,4.0,5.0,0,1809.0,1804.0,19.0,4.0,74.0,62.0,-5.0
944,5.0,11.0,3.0,1,1420.0,1420.0,7.0,4.0,75.0,67.0,0.0
946,6.0,30.0,4.0,1,835.0,840.0,14.0,4.0,110.0,107.0,5.0
948,10.0,3.0,1.0,2,1125.0,1118.0,16.0,8.0,147.0,133.0,-7.0
949,6.0,10.0,5.0,7,720.0,713.0,13.0,2.0,87.0,80.0,-7.0
950,3.0,20.0,7.0,1,2110.0,2101.0,6.0,4.0,130.0,127.0,-9.0
951,7.0,22.0,5.0,1,640.0,635.0,9.0,7.0,235.0,219.0,-5.0
952,10.0,1.0,6.0,8,1530.0,1525.0,22.0,6.0,126.0,116.0,-5.0
953,12.0,26.0,1.0,1,1200.0,1157.0,6.0,5.0,140.0,130.0,-3.0
954,8.0,28.0,7.0,2,1630.0,1640.0,22.0,12.0,170.0,160.0,10.0
955,4.0,24.0,7.0,0,1930.0,1931.0,11.0,11.0,83.0,75.0,1.0
957,11.0,9.0,3.0,1,1300.0,1322.0,11.0,4.0,115.0,116.0,22.0
958,8.0,3.0,3.0,10,615.0,609.0,9.0,5.0,42.0,43.0,-6.0
959,7.0,16.0,6.0,1,1335.0,1331.0,9.0,3.0,60.0,57.0,-4.0
960,2.0,18.0,4.0,6,1644.0,1644.0,10.0,8.0,211.0,202.0,0.0
962,6.0,27.0,1.0,2,1820.0,1820.0,10.0,5.0,173.0,143.0,0.0
963,6.0,5.0,7.0,2,810.0,804.0,8.0,5.0,120.0,112.0,-6.0
964,5.0,15.0,7.0,1,1310.0,1313.0,7.0,5.0,120.0,109.0,3.0
965,2.0,7.0,7.0,7,1600.0,1554.0,15.0,5.0,170.0,169.0,-6.0
966,1.0,15.0,5.0,7,1751.0,1746.0,13.0,9.0,99.0,89.0,-5.0
967,3.0,26.0,6.0,6,1327.0,1333.0,17.0,7.0,132.0,116.0,6.0
968,6.0,26.0,7.0,8,830.0,818.0,23.0,4.0,95.0,98.0,-12.0
970,12.0,12.0,1.0,1,930.0,929.0,9.0,11.0,150.0,135.0,-1.0
971,6.0,19.0,7.0,0,1320.0,1313.0,12.0,6.0,124.0,126.0,-7.0
972,1.0,21.0,4.0,7,1310.0,1308.0,18.0,5.0,259.0,262.0,-2.0
973,11.0,2.0,3.0,0,659.0,645.0,13.0,8.0,110.0,92.0,-14.0
974,12.0,10.0,6.0,7,715.0,709.0,12.0,6.0,68.0,46.0,-6.0
975,10.0,8.0,6.0,9,1740.0,1737.0,21.0,5.0,80.0,81.0,-3.0
976,4.0,25.0,1.0,3,600.0,554.0,15.0,7.0,201.0,195.0,-6.0
980,6.0,13.0,1.0,7,1606.0,1601.0,12.0,6.0,79.0,74.0,-5.0
981,8.0,12.0,5.0,2,1550.0,1544.0,29.0,4.0,106.0,123.0,-6.0
985,11.0,28.0,1.0,2,1025.0,1023.0,15.0,8.0,162.0,152.0,-2.0
986,8.0,28.0,7.0,3,1056.0,1057.0,31.0,6.0,181.0,184.0,1.0
987,3.0,6.0,7.0,11,1200.0,1156.0,16.0,3.0,138.0,142.0,-4.0
989,2.0,24.0,3.0,2,1211.0,1216.0,13.0,6.0,83.0,72.0,5.0
